0.3333,0.3333,0.3333,40,-8,2.1,0,50,4.050978752,0,0
0.3333,0.3333,0.3333,40,-8,2.1,0,50,4.050978752,2,0.555523318
0.3333,0.3333,0.3333,40,-8,2.1,0,50,4.050978752,5,0.585333563
0.3333,0.3333,0.3333,40,-8,2.1,0,50,4.050978752,10,0.60261258
0.3333,0.3333,0.3333,40,-8,2.1,0,50,4.050978752,20,0.622028959
0.3333,0.3333,0.3333,40,-8,2.1,0,50,4.050978752,30,0.629133877
0.3333,0.3333,0.3333,40,-8,2.1,0,50,4.050978752,60,0.648850958
0.3333,0.3333,0.3333,40,-8,2.1,0,50,4.050978752,120,0.712581262
0.3333,0.3333,0.3333,40,-8,2.1,0,50,4.050978752,180,0.720078502
0.3333,0.3333,0.3333,40,-8,2.1,0,50,4.050978752,240,0.741848702
0.3333,0.3333,0.3333,60,-8,2.1,0,50,4.050978752,0,0
0.3333,0.3333,0.3333,60,-8,2.1,0,50,4.050978752,2,0.531255383
0.3333,0.3333,0.3333,60,-8,2.1,0,50,4.050978752,5,0.570289256
0.3333,0.3333,0.3333,60,-8,2.1,0,50,4.050978752,10,0.594475284
0.3333,0.3333,0.3333,60,-8,2.1,0,50,4.050978752,20,0.593626504
0.3333,0.3333,0.3333,60,-8,2.1,0,50,4.050978752,30,0.601771096
0.3333,0.3333,0.3333,60,-8,2.1,0,50,4.050978752,60,0.63506649
0.3333,0.3333,0.3333,60,-8,2.1,0,50,4.050978752,120,0.635077609
0.3333,0.3333,0.3333,60,-8,2.1,0,50,4.050978752,180,0.66420716
0.3333,0.3333,0.3333,60,-8,2.1,0,50,4.050978752,240,0.685656306
0.3333,0.3333,0.3333,80,-8,2.1,0,50,4.050978752,0,0
0.3333,0.3333,0.3333,80,-8,2.1,0,50,4.050978752,2,0.764952823
0.3333,0.3333,0.3333,80,-8,2.1,0,50,4.050978752,5,0.799944389
0.3333,0.3333,0.3333,80,-8,2.1,0,50,4.050978752,10,0.822563001
0.3333,0.3333,0.3333,80,-8,2.1,0,50,4.050978752,20,0.871013664
0.3333,0.3333,0.3333,80,-8,2.1,0,50,4.050978752,30,0.88279161
0.3333,0.3333,0.3333,80,-8,2.1,0,50,4.050978752,60,0.892912359
0.3333,0.3333,0.3333,80,-8,2.1,0,50,4.050978752,120,0.890099965
0.3333,0.3333,0.3333,80,-8,2.1,0,50,4.050978752,180,1.025398791
0.3333,0.3333,0.3333,80,-8,2.1,0,50,4.050978752,240,1.13058442
0.3333,0.3333,0.3333,80,-8,2.1,0,100,2.025489376,0,0
0.3333,0.3333,0.3333,80,-8,2.1,0,100,2.025489376,2,0.493169747
0.3333,0.3333,0.3333,80,-8,2.1,0,100,2.025489376,5,0.5767005
0.33333,0.33333,0.33333,80,-8,2.1,0,100,2.025658568,10,0.516396246
0.33333,0.33333,0.33333,80,-8,2.1,0,100,2.025658568,20,0.538978323
0.33333,0.33333,0.33333,80,-8,2.1,0,100,2.025658568,30,0.55403992
0.33333,0.33333,0.33333,80,-8,2.1,0,100,2.025658568,60,0.626345033
0.33333,0.33333,0.33333,80,-8,2.1,0,100,2.025658568,120,0.618719278
0.33333,0.33333,0.33333,80,-8,2.1,0,100,2.025658568,180,0.766823226
0.33333,0.33333,0.33333,80,-8,2.1,0,100,2.025658568,240,0.750506286
0.33333,0.33333,0.33333,80,-8,2.1,0,100,2.025658568,0,0
0.33333,0.33333,0.33333,80,-8,2.1,0,100,2.025658568,1,0.396531386
0.33333,0.33333,0.33333,80,-8,2.1,0,200,1.012829284,2,0.650539199
0.33333,0.33333,0.33333,80,-8,2.1,0,200,1.012829284,5,0.666789966
0.33333,0.33333,0.33333,80,-8,2.1,0,200,1.012829284,10,0.680834843
0.33333,0.33333,0.33333,80,-8,2.1,0,200,1.012829284,20,0.785893573
0.33333,0.33333,0.33333,80,-8,2.1,0,200,1.012829284,30,0.702927416
0.33333,0.33333,0.33333,80,-8,2.1,0,200,1.012829284,60,0.722201617
0.33333,0.33333,0.33333,80,-8,2.1,0,200,1.012829284,120,0.782561225
0.33333,0.33333,0.33333,80,-8,2.1,0,200,1.012829284,180,0.771948183
0.33333,0.33333,0.33333,80,-8,2.1,0,200,1.012829284,0,0
0.33333,0.33333,0.33333,80,-8,2.1,0,200,1.012829284,1,0.641607122
0.33333,0.33333,0.33333,80,-8,2.1,0,200,1.012829284,240,0.721081195
0.33333,0.33333,0.33333,80,-8,1,0,50,1.929198636,2,0.494838988
0.33333,0.33333,0.33333,80,-8,1,0,50,1.929198636,5,0.474501759
0.33333,0.33333,0.33333,80,-8,1,0,50,1.929198636,10,0.501586031
0.33333,0.33333,0.33333,80,-8,1,0,50,1.929198636,20,0.491266526
0.33333,0.33333,0.33333,80,-8,1,0,50,1.929198636,30,0.513467382
0.33333,0.33333,0.33333,80,-8,1,0,50,1.929198636,60,0.5470251
0.33333,0.33333,0.33333,80,-8,1,0,50,1.929198636,120,0.630963337
0.33333,0.33333,0.33333,80,-8,1,0,50,1.929198636,180,0.664323889
0.33333,0.33333,0.33333,80,-8,1,0,50,1.929198636,1,0.443485823
0.33333,0.33333,0.33333,80,-8,1,0,50,1.929198636,0,0
0.33333,0.33333,0.33333,80,-8,1,0,50,1.929198636,240,0.718211137
0.33333,0.33333,0.33333,80,-8,0.5,0,50,0.964599318,2,0.344216124
0.33333,0.33333,0.33333,80,-8,0.5,0,50,0.964599318,5,0.341213348
0.33333,0.33333,0.33333,80,-8,0.5,0,50,0.964599318,10,0.347741665
0.33333,0.33333,0.33333,80,-8,0.5,0,50,0.964599318,20,0.351474541
0.33333,0.33333,0.33333,80,-8,0.5,0,50,0.964599318,30,0.361224598
0.33333,0.33333,0.33333,80,-8,0.5,0,50,0.964599318,60,0.390644585
0.33333,0.33333,0.33333,80,-8,0.5,0,50,0.964599318,120,0.393205152
0.33333,0.33333,0.33333,80,-8,0.5,0,50,0.964599318,180,0.400702855
0.33333,0.33333,0.33333,80,-8,0.5,0,50,0.964599318,1,0.275593473
0.33333,0.33333,0.33333,80,-8,0.5,0,50,0.964599318,0,0
0.33333,0.33333,0.33333,80,-8,0.5,0,50,0.964599318,240,0.42101591
0.33333,0.33333,0.33333,70,-8,0.52,0,50,1.003183291,120,0.81190983
0.33333,0.33333,0.33333,70,-8,1,0,50,1.929198636,120,0.925281752
0.33333,0.33333,0.33333,70,-8,2.1,0,50,4.051317136,120,0.930552415
0.33333,0.33333,0.33333,70,-8,5.25,0,50,10.12829284,120,1.135910759
0.33333,0.33333,0.33333,70,-8,0.25,0,50,0.482299659,120,0.473597555
0.33333,0.33333,0.33333,70,-8,0.38,0,50,0.733095482,120,0.643343701
0.33333,0.33333,0.33333,70,-8,3.37,0,50,6.501399404,120,1.115697068
0.33333,0.33333,0.33333,70,-8,3.37,0,50,6.501399404,0,0
0.33333,0.33333,0.33333,50,-8,1,0,16.875,5.716144107,0,0
0.33333,0.33333,0.33333,50,-8,1,0,16.875,5.716144107,5,0.735
0.33333,0.33333,0.33333,50,-8,1,0,16.875,5.716144107,15,0.767
0.33333,0.33333,0.33333,50,-8,1,0,16.875,5.716144107,30,0.782
0.33333,0.33333,0.33333,50,-8,1,0,16.875,5.716144107,45,0.797
0.33333,0.33333,0.33333,50,-8,1,0,16.875,5.716144107,60,0.787
0.33333,0.33333,0.33333,50,-8,1,0,16.875,5.716144107,90,0.811
0.33333,0.33333,0.33333,50,-8,1,0,16.875,5.716144107,120,0.808
0.15,0.15,0.7,25,-8,1,0,100,0.972372257,300,0.5638
0.15,0.15,0.7,75,-8,1,0,100,0.972372257,300,0.6367
0.15,0.15,0.7,25,-8,2,0,100,1.944744514,300,0.7731
0.15,0.15,0.7,75,-8,2,0,100,1.944744514,300,0.9269
0.15,0.15,0.7,25,-8,1,0,33.3,2.920036808,300,0.7174
0.15,0.15,0.7,75,-8,1,0,33.3,2.920036808,300,0.9021
0.15,0.15,0.7,25,-8,2,0,33.3,5.840073616,300,0.774
0.15,0.15,0.7,75,-8,2,0,33.3,5.840073616,300,1
0.15,0.15,0.7,25,-8,1.5,0,50,2.917116771,300,0.7567
0.15,0.15,0.7,50,-8,1,0,50,1.944744514,300,0.803
0.15,0.15,0.7,50,-8,1.5,0,100,1.458558386,300,0.8135
0.15,0.15,0.7,75,-8,1.5,0,50,2.917116771,300,0.9833
0.15,0.15,0.7,50,-8,2,0,50,3.889489028,300,0.9151
0.15,0.15,0.7,50,-8,1.5,0,33.33333333,4.375675157,300,0.8554
0.15,0.15,0.7,50,-8,1.5,0,50,2.917116771,300,0.8714
0.15,0.15,0.7,50,-8,1.5,0,50,2.917116771,300,0.8623
0.15,0.15,0.7,50,-8,1.5,0,50,2.917116771,300,0.8991
0.15,0.15,0.7,50,-8,1.5,0,50,2.917116771,300,0.8382
0.15,0.15,0.7,50,-8,1.5,0,50,2.917116771,300,0.8307
0.15,0.15,0.7,75,-8,1.5,0,33.33333333,4.375675157,300,0.9983
0.15,0.15,0.7,62.5,-8,1.75,0,40,4.254128624,300,0.9414
0,0,1,80,-8,4,0,10,39.1489844,30,0.928
0,0,1,80,-8,4,0,16.66666667,23.48939064,30,0.927
0,0,1,80,-8,4,0,25,15.65959376,30,0.927
0,0,1,80,-8,4,0,50,7.82979688,30,0.931
0.8,0.1,0.1,25,-8,4,0,2,194.5622202,4,0.769511831
0.8,0.1,0.1,25,-8,4,0,2,194.5622202,10,0.852930634
0.8,0.1,0.1,25,-8,4,0,2,194.5622202,15,0.868795865
0.8,0.1,0.1,25,-8,4,0,2,194.5622202,30,0.896531969
0.8,0.1,0.1,25,-8,4,0,2,194.5622202,60,0.928161156
0.8,0.1,0.1,25,-8,4,0,2,194.5622202,120,0.975523521
0.8,0.1,0.1,25,-8,4,0,2,194.5622202,180,1.001695839
0.8,0.1,0.1,25,-8,4,0,2,194.5622202,240,1.001375139
0.8,0.1,0.1,25,-8,4,0,20,19.45622202,4.5,0.793710692
0.8,0.1,0.1,25,-8,4,0,20,19.45622202,9,0.850314465
0.8,0.1,0.1,25,-8,4,0,20,19.45622202,15,0.87672956
0.8,0.1,0.1,25,-8,4,0,20,19.45622202,30,0.913207547
0.8,0.1,0.1,25,-8,4,0,20,19.45622202,60,0.963522013
0.8,0.1,0.1,25,-8,4,0,20,19.45622202,90,0.981132075
0.8,0.1,0.1,25,-8,4,0,20,19.45622202,120,0.993710692
0.8,0.1,0.1,25,-8,4,0,20,19.45622202,180,1
0.8,0.1,0.1,25,-8,1,0,20,4.864055505,5,0.121649429
0.8,0.1,0.1,25,-8,1,0,20,4.864055505,15,0.226779274
0.8,0.1,0.1,25,-8,1,0,20,4.864055505,20,0.295185566
0.8,0.1,0.1,25,-8,1,0,20,4.864055505,30,0.385102293
0.8,0.1,0.1,25,-8,1,0,20,4.864055505,60,0.569915493
0.8,0.1,0.1,25,-8,1,0,20,4.864055505,125,0.74049635
0.8,0.1,0.1,25,-8,1,0,20,4.864055505,185,0.795763956
0.8,0.1,0.1,25,-8,1,0,20,4.864055505,245,0.825675748
0.8,0.1,0.1,25,-8,4,0,120,3.24270367,5,0.807098765
0.8,0.1,0.1,25,-8,4,0,120,3.24270367,15,0.907407407
0.8,0.1,0.1,25,-8,4,0,120,3.24270367,30,0.952160494
0.8,0.1,0.1,25,-8,4,0,120,3.24270367,60,0.967592593
0.8,0.1,0.1,25,-8,4,0,120,3.24270367,120,0.986111111
0.8,0.1,0.1,25,-8,4,0,120,3.24270367,180,0.986111111
0.8,0.1,0.1,25,-8,4,0,120,3.24270367,245,0.981481481
0,0,1,80,-8,2,0,20,9.7872461,60,0.82625387
0,0,1,80,-8,3,0,20,14.68086915,60,0.946074453
0,0,1,80,-8,4,0,20,19.5744922,60,1.003813861
0,0,1,80,-8,5,0,20,24.46811525,60,1.002722134
0,0,1,80,-8,6,0,20,29.3617383,60,1.004901996
0,2,0,80,-8,2,0,20,18.081352,60,0.794495413
0,2,0,80,-8,3,0,20,27.122028,60,0.937614679
0,2,0,80,-8,4,0,20,36.162704,60,0.996330275
0,2,0,80,-8,5,0,20,45.20338,60,1
0,2,0,80,-8,6,0,20,54.244056,60,1.003669725
0.33333,0.33333,0.33333,80,-8,2,0,20,9.64599318,60,0.795246801
0.33333,0.33333,0.33333,80,-8,3,0,20,14.46898977,60,0.936014625
0.33333,0.33333,0.33333,80,-8,4,0,20,19.29198636,60,0.998171846
0.33333,0.33333,0.33333,80,-8,5,0,20,24.11498295,60,0.996343693
0.33333,0.33333,0.33333,80,-8,6,0,20,28.93797954,60,1.003656307
0,0,1,60,-8,4,0,20,19.5744922,60,0.649512565
0,0,1,70,-8,4,0,20,19.5744922,60,0.827905993
0,0,1,80,-8,4,0,20,19.5744922,60,1.004410086
0,2,0,60,-8,4,0,20,36.162704,60,0.647514977
0,2,0,70,-8,4,0,20,36.162704,60,0.82878111
0,2,0,80,-8,4,0,20,36.162704,60,0.992783803
0.33333,0.33333,0.33333,60,-8,4,0,20,19.29198636,60,0.668414842
0.33333,0.33333,0.33333,70,-8,4,0,20,19.29198636,60,0.82860693
0.33333,0.33333,0.33333,80,-8,4,0,20,19.29198636,60,0.995260632
0,0,1,80,-8,4,0,20,19.5744922,30,0.88523872
0,0,1,80,-8,4,0,20,19.5744922,60,1.003238836
0,0,1,80,-8,4,0,20,19.5744922,120,1.005586108
0,0,1,80,-8,4,0,20,19.5744922,180,1.002323024
0,0,1,80,-8,4,0,20,19.5744922,240,1.000931849
0,2,0,80,-8,4,0,20,36.162704,30,0.830928446
0,2,0,80,-8,4,0,20,36.162704,60,1.000318962
0,2,0,80,-8,4,0,20,36.162704,120,1.002528371
0,2,0,80,-8,4,0,20,36.162704,180,1.00125248
0,2,0,80,-8,4,0,20,36.162704,240,1.003466816
0.33333,0.33333,0.33333,80,-8,4,0,20,19.29198636,30,0.882246
0.33333,0.33333,0.33333,80,-8,4,0,20,19.29198636,60,1.009433733
0.33333,0.33333,0.33333,80,-8,4,0,20,19.29198636,120,1.012609817
0.33333,0.33333,0.33333,80,-8,4,0,20,19.29198636,180,1.010397664
0.33333,0.33333,0.33333,80,-8,4,0,20,19.29198636,240,1.015366125
0,0,1,80,-8,4,0,20,19.5744922,60,0.99430082
0,0,1,80,-8,4,0,50,7.82979688,60,0.678638568
0,0,1,80,-8,4,0,100,3.91489844,60,0.336885648
0,2,0,80,-8,4,0,20,36.162704,60,0.998057541
0,2,0,80,-8,4,0,50,14.4650816,60,0.787084787
0,2,0,80,-8,4,0,100,7.2325408,60,0.455728777
0.33333,0.33333,0.33333,80,-8,4,0,20,19.29198636,60,0.997256443
0.33333,0.33333,0.33333,80,-8,4,0,50,7.716794544,60,0.72421538
0.33333,0.33333,0.33333,80,-8,4,0,100,3.858397272,60,0.45787643
0.8,0.1,0.1,25,-8,4,0,20,19.45622202,5,0.791390728
0.8,0.1,0.1,25,-8,4,0,20,19.45622202,10,0.847682119
0.8,0.1,0.1,25,-8,4,0,20,19.45622202,15,0.874172185
0.8,0.1,0.1,25,-8,4,0,20,19.45622202,30,0.908940397
0.8,0.1,0.1,25,-8,4,0,20,19.45622202,60,0.960264901
0.8,0.1,0.1,25,-8,4,0,20,19.45622202,90,0.976821192
0.8,0.1,0.1,25,-8,4,0,20,19.45622202,120,0.986754967
0.8,0.1,0.1,25,-8,4,0,20,19.45622202,180,1
0.8,0.1,0.1,35,-8,4,0,20,19.45622202,2.58,0.853638327
0.8,0.1,0.1,35,-8,4,0,20,19.45622202,5,0.884031296
0.8,0.1,0.1,35,-8,4,0,20,19.45622202,10,0.91129328
0.8,0.1,0.1,35,-8,4,0,20,19.45622202,15,0.949632568
0.8,0.1,0.1,35,-8,4,0,20,19.45622202,30,0.979944036
0.8,0.1,0.1,35,-8,4,0,20,19.45622202,60,1.001344762
0.8,0.1,0.1,35,-8,4,0,20,19.45622202,120,1
0.8,0.1,0.1,43,-8,4,0,20,19.45622202,1.166666667,0.848850915
0.8,0.1,0.1,43,-8,4,0,20,19.45622202,2.583333333,0.890063651
0.8,0.1,0.1,43,-8,4,0,20,19.45622202,5.083333333,0.927568741
0.8,0.1,0.1,43,-8,4,0,20,19.45622202,7.583333333,0.944878233
0.8,0.1,0.1,43,-8,4,0,20,19.45622202,10,0.964216572
0.8,0.1,0.1,43,-8,4,0,20,19.45622202,15,0.984705067
0.8,0.1,0.1,43,-8,4,0,20,19.45622202,20,0.993963466
0.8,0.1,0.1,43,-8,4,0,20,19.45622202,30,1.001414478
0.8,0.1,0.1,54,-8,4,0,20,19.45622202,1,0.914313973
0.8,0.1,0.1,54,-8,4,0,20,19.45622202,2,0.954961139
0.8,0.1,0.1,54,-8,4,0,20,19.45622202,4,0.983518227
0.8,0.1,0.1,54,-8,4,0,20,19.45622202,5,0.989932316
0.8,0.1,0.1,54,-8,4,0,20,19.45622202,7,0.985023951
0.8,0.1,0.1,54,-8,4,0,20,19.45622202,14,1
0.6,0.2,0.2,44,-8,4,0,20,19.38591204,0.25,0.570124188
0.6,0.2,0.2,44,-8,4,0,20,19.38591204,0.5,0.739608774
0.6,0.2,0.2,44,-8,4,0,20,19.38591204,0.75,0.77904374
0.6,0.2,0.2,44,-8,4,0,20,19.38591204,1,0.802028453
0.6,0.2,0.2,44,-8,4,0,20,19.38591204,1.5,0.811371636
0.6,0.2,0.2,44,-8,4,0,20,19.38591204,2,0.820908937
0.6,0.2,0.2,44,-8,4,0,20,19.38591204,4,0.834800776
0.6,0.2,0.2,44,-8,4,0,20,19.38591204,8,0.867706614
0.6,0.2,0.2,44,-8,4,0,20,19.38591204,16,0.93178153
0.6,0.2,0.2,44,-8,4,0,20,19.38591204,32,0.992432822
0.6,0.2,0.2,44,-8,4,0,20,19.38591204,45,0.996283938
0.6,0.2,0.2,44,-8,4,0,20,19.38591204,64,1
0.6,0.2,0.2,54,-8,4,0,20,19.38591204,2.5,0.808882398
0.6,0.2,0.2,54,-8,4,0,20,19.38591204,5,0.926773973
0.6,0.2,0.2,54,-8,4,0,20,19.38591204,7.5,0.982009449
0.6,0.2,0.2,54,-8,4,0,20,19.38591204,10,0.986249804
0.6,0.2,0.2,54,-8,4,0,20,19.38591204,15,1
0.6,0.2,0.2,54,-8,4,0,20,19.38591204,20,1
0.6,0.2,0.2,54,-8,4,0,20,19.38591204,30,1
0.6,0.2,0.2,54,-8,4,0,20,19.38591204,40,1
0.6,0.2,0.2,63,-8,4,0,20,19.38591204,0.25,0.674532723
0.6,0.2,0.2,63,-8,4,0,20,19.38591204,0.5,0.809715081
0.6,0.2,0.2,63,-8,4,0,20,19.38591204,0.75,0.834518263
0.6,0.2,0.2,63,-8,4,0,20,19.38591204,1,0.844981791
0.6,0.2,0.2,63,-8,4,0,20,19.38591204,1.5,0.875381587
0.6,0.2,0.2,63,-8,4,0,20,19.38591204,2,0.922022279
0.6,0.2,0.2,63,-8,4,0,20,19.38591204,4,0.985814321
0.6,0.2,0.2,63,-8,4,0,20,19.38591204,8,0.995943123
0.6,0.2,0.2,63,-8,4,0,20,19.38591204,16,0.999752303
0.6,0.2,0.2,63,-8,4,0,20,19.38591204,26,1
0.6,0.2,0.2,72,-8,4,0,20,19.38591204,0.25,0.809564319
0.6,0.2,0.2,72,-8,4,0,20,19.38591204,0.5,0.868131378
0.6,0.2,0.2,72,-8,4,0,20,19.38591204,0.75,0.905377547
0.6,0.2,0.2,72,-8,4,0,20,19.38591204,1,0.968969635
0.6,0.2,0.2,72,-8,4,0,20,19.38591204,1.5,1
0.6,0.2,0.2,72,-8,4,0,20,19.38591204,2,1
0.6,0.2,0.2,72,-8,4,0,20,19.38591204,4,1
0.6,0.2,0.2,72,-8,4,0,20,19.38591204,8,0.992550981
0.5,0.3,0.2,54,-8,4,0,20,19.31080604,2.5,0.795832845
0.5,0.3,0.2,54,-8,4,0,20,19.31080604,5,0.818002577
0.5,0.3,0.2,54,-8,4,0,20,19.31080604,7.5,0.823377452
0.5,0.3,0.2,54,-8,4,0,20,19.31080604,15,0.875492914
0.5,0.3,0.2,54,-8,4,0,20,19.31080604,20,0.903532061
0.5,0.3,0.2,54,-8,4,0,20,19.31080604,30,0.940147581
0.5,0.3,0.2,54,-8,4,0,20,19.31080604,45,0.97054881
0.5,0.3,0.2,54,-8,4,0,20,19.31080604,60,0.987311131
0.5,0.3,0.2,54,-8,4,0,20,19.31080604,90,0.995386457
0.5,0.3,0.2,54,-8,4,0,20,19.31080604,120,1.004613543
0.5,0.3,0.2,63,-8,4,0,20,19.31080604,0.25,0.670964003
0.5,0.3,0.2,63,-8,4,0,20,19.31080604,0.5,0.769501383
0.5,0.3,0.2,63,-8,4,0,20,19.31080604,0.75,0.788841504
0.5,0.3,0.2,63,-8,4,0,20,19.31080604,1,0.806125749
0.5,0.3,0.2,63,-8,4,0,20,19.31080604,1.5,0.799745785
0.5,0.3,0.2,63,-8,4,0,20,19.31080604,2,0.814708468
0.5,0.3,0.2,63,-8,4,0,20,19.31080604,4,0.841554447
0.5,0.3,0.2,63,-8,4,0,20,19.31080604,8,0.887725907
0.5,0.3,0.2,63,-8,4,0,20,19.31080604,16,0.985174224
0.5,0.3,0.2,63,-8,4,0,20,19.31080604,32,0.988905621
0.5,0.3,0.2,63,-8,4,0,20,19.31080604,48,1
0.5,0.3,0.2,63,-8,4,0,20,19.31080604,64,1.00500938
0.5,0.3,0.2,63,-8,4,0,20,19.31080604,74,0.99499062
0.5,0.3,0.2,72,-8,4,0,20,19.31080604,0.25,0.700113442
0.5,0.3,0.2,72,-8,4,0,20,19.31080604,0.5,0.818255081
0.5,0.3,0.2,72,-8,4,0,20,19.31080604,0.75,0.834329768
0.5,0.3,0.2,72,-8,4,0,20,19.31080604,1,0.839902299
0.5,0.3,0.2,72,-8,4,0,20,19.31080604,4,0.867464096
0.5,0.3,0.2,72,-8,4,0,20,19.31080604,8,0.89196792
0.5,0.3,0.2,72,-8,4,0,20,19.31080604,16,1
0.5,0.3,0.2,72,-8,4,0,20,19.31080604,24,1
0.5,0.3,0.2,72,-8,4,0,20,19.31080604,32,1
0.5,0.3,0.2,82,-8,4,0,20,19.31080604,0.25,0.694870418
0.5,0.3,0.2,82,-8,4,0,20,19.31080604,0.5,0.821933067
0.5,0.3,0.2,82,-8,4,0,20,19.31080604,0.75,0.858420073
0.5,0.3,0.2,82,-8,4,0,20,19.31080604,1,0.882781264
0.5,0.3,0.2,82,-8,4,0,20,19.31080604,1.5,0.91482219
0.5,0.3,0.2,82,-8,4,0,20,19.31080604,2,0.956752395
0.5,0.3,0.2,82,-8,4,0,20,19.31080604,4,0.972399251
0.5,0.3,0.2,82,-8,4,0,20,19.31080604,8,0.980950136
0.5,0.3,0.2,82,-8,4,0,20,19.31080604,12,1
0.3333,0.3333,0.3333,30,-3,1,0,16.875,5.715666669,5,0.43618677
0.3333,0.3333,0.3333,30,-3,1,0,16.875,5.715666669,15,0.684824903
0.3333,0.3333,0.3333,30,-3,1,0,16.875,5.715666669,30,0.744357977
0.3333,0.3333,0.3333,30,-3,1,0,16.875,5.715666669,45,0.754863813
0.3333,0.3333,0.3333,30,-3,1,0,16.875,5.715666669,60,0.775875486
0.3333,0.3333,0.3333,30,-3,1,0,16.875,5.715666669,90,0.789883268
0.3333,0.3333,0.3333,30,-3,1,0,16.875,5.715666669,120,0.786381323
0.3333,0.3333,0.3333,50,-3,1,0,16.875,5.715666669,5,0.719844358
0.3333,0.3333,0.3333,50,-3,1,0,16.875,5.715666669,15,0.751361868
0.3333,0.3333,0.3333,50,-3,1,0,16.875,5.715666669,30,0.768871595
0.3333,0.3333,0.3333,50,-3,1,0,16.875,5.715666669,45,0.775875486
0.3333,0.3333,0.3333,50,-3,1,0,16.875,5.715666669,60,0.793385214
0.3333,0.3333,0.3333,50,-3,1,0,16.875,5.715666669,90,0.810894942
0.3333,0.3333,0.3333,50,-3,1,0,16.875,5.715666669,120,0.831906615
0.3333,0.3333,0.3333,70,-3,1,0,16.875,5.715666669,5,0.786381323
0.3333,0.3333,0.3333,70,-3,1,0,16.875,5.715666669,15,0.842412451
0.3333,0.3333,0.3333,70,-3,1,0,16.875,5.715666669,30,0.852918288
0.3333,0.3333,0.3333,70,-3,1,0,16.875,5.715666669,45,0.859922179
0.3333,0.3333,0.3333,70,-3,1,0,16.875,5.715666669,60,0.86692607
0.3333,0.3333,0.3333,70,-3,1,0,16.875,5.715666669,90,0.863424125
0.3333,0.3333,0.3333,70,-3,1,0,16.875,5.715666669,120,0.870428016
0.3333,0.3333,0.3333,80,-3,1,0,16.875,5.715666669,5,0.845914397
0.3333,0.3333,0.3333,80,-3,1,0,16.875,5.715666669,15,0.901945525
0.3333,0.3333,0.3333,80,-3,1,0,16.875,5.715666669,30,0.922957198
0.3333,0.3333,0.3333,80,-3,1,0,16.875,5.715666669,45,0.922957198
0.3333,0.3333,0.3333,80,-3,1,0,16.875,5.715666669,60,0.929961089
0.3333,0.3333,0.3333,80,-3,1,0,16.875,5.715666669,90,0.933463035
0.3333,0.3333,0.3333,80,-3,1,0,16.875,5.715666669,120,0.926459144
0.3333,0.3333,0.3333,30,-8,1,0,16.875,5.715666669,5,0.584351145
0.3333,0.3333,0.3333,30,-8,1,0,16.875,5.715666669,15,0.697709924
0.3333,0.3333,0.3333,30,-8,1,0,16.875,5.715666669,30,0.72519084
0.3333,0.3333,0.3333,30,-8,1,0,16.875,5.715666669,45,0.735496183
0.3333,0.3333,0.3333,30,-8,1,0,16.875,5.715666669,60,0.738931298
0.3333,0.3333,0.3333,30,-8,1,0,16.875,5.715666669,90,0.749236641
0.3333,0.3333,0.3333,30,-8,1,0,16.875,5.715666669,120,0.752671756
0.3333,0.3333,0.3333,70,-8,1,0,16.875,5.715666669,5,0.787022901
0.3333,0.3333,0.3333,70,-8,1,0,16.875,5.715666669,15,0.828244275
0.3333,0.3333,0.3333,70,-8,1,0,16.875,5.715666669,30,0.828244275
0.3333,0.3333,0.3333,70,-8,1,0,16.875,5.715666669,45,0.835114504
0.3333,0.3333,0.3333,70,-8,1,0,16.875,5.715666669,60,0.838549618
0.3333,0.3333,0.3333,70,-8,1,0,16.875,5.715666669,90,0.852290076
0.3333,0.3333,0.3333,70,-8,1,0,16.875,5.715666669,120,0.869465649
0.3333,0.3333,0.3333,80,-8,1,0,16.875,5.715666669,5,0.800763359
0.3333,0.3333,0.3333,80,-8,1,0,16.875,5.715666669,15,0.886641221
0.3333,0.3333,0.3333,80,-8,1,0,16.875,5.715666669,30,0.890076336
0.3333,0.3333,0.3333,80,-8,1,0,16.875,5.715666669,45,0.890076336
0.3333,0.3333,0.3333,80,-8,1,0,16.875,5.715666669,60,0.879770992
0.3333,0.3333,0.3333,80,-8,1,0,16.875,5.715666669,90,0.903816794
0.3333,0.3333,0.3333,80,-8,1,0,16.875,5.715666669,120,0.917557252
0.15,0.15,0.7,25,-3,1,0,100,0.972372257,600,0.6788
0.15,0.15,0.7,75,-3,1,0,100,0.972372257,600,0.8415
0.15,0.15,0.7,25,-3,2,0,100,1.944744514,600,0.6636
0.15,0.15,0.7,75,-3,2,0,100,1.944744514,600,0.8471
0.15,0.15,0.7,25,-3,1,2,100,0.972372257,600,0.7563
0.15,0.15,0.7,75,-3,1,2,100,0.972372257,600,0.7928
0.15,0.15,0.7,25,-3,2,2,100,1.944744514,600,0.9788
0.15,0.15,0.7,75,-3,2,2,100,1.944744514,600,1
0.15,0.15,0.7,25,-3,1,0,33.33333333,2.917116771,600,0.6707
0.15,0.15,0.7,75,-3,1,0,33.33333333,2.917116771,600,0.8674
0.15,0.15,0.7,25,-3,2,0,33.33333333,5.834233542,600,0.7133
0.15,0.15,0.7,75,-3,2,0,33.33333333,5.834233542,600,0.8638
0.15,0.15,0.7,25,-3,1,2,33.33333333,2.917116771,600,0.9878
0.15,0.15,0.7,75,-3,1,2,33.33333333,2.917116771,600,1
0.15,0.15,0.7,25,-3,2,2,33.33333333,5.834233542,600,0.9837
0.15,0.15,0.7,75,-3,2,2,33.33333333,5.834233542,600,1
0.15,0.15,0.7,25,-3,1.5,1,50,2.917116771,600,1
0.15,0.15,0.7,50,-3,1,1,50,1.944744514,600,1
0.15,0.15,0.7,50,-3,1.5,0,50,2.917116771,600,0.8733
0.15,0.15,0.7,50,-3,1.5,1,100,1.458558386,600,0.7947
0.15,0.15,0.7,75,-3,1.5,1,50,2.917116771,600,0.9864
0.15,0.15,0.7,50,-3,2,1,50,3.889489028,600,1
0.15,0.15,0.7,50,-3,1.5,2,50,2.917116771,600,0.9276
0.15,0.15,0.7,50,-3,1.5,1,33.33333333,4.375675157,600,1
0.15,0.15,0.7,50,-3,1.5,1,50,2.917116771,600,0.9745
0.15,0.15,0.7,50,-3,1.5,1,50,2.917116771,600,1
0.15,0.15,0.7,50,-3,1.5,1,50,2.917116771,600,0.9725
0.15,0.15,0.7,50,-3,1.5,1,50,2.917116771,600,1
0.15,0.15,0.7,50,-3,1.5,1,50,2.917116771,600,1
0.15,0.15,0.7,50,-3,1.5,1,50,2.917116771,600,1
0.15,0.15,0.7,50,-3,1.5,0.2,50,2.917116771,600,0.875
0.15,0.15,0.7,50,-3,1.5,0.4,50,2.917116771,600,0.9342
0.15,0.15,0.7,50,-3,1.5,0.6,50,2.917116771,600,0.9906
0.15,0.15,0.7,50,-3,1.5,0.8,50,2.917116771,600,1
0.15,0.15,0.7,50,-3,1.5,1.4,50,2.917116771,600,1
0.15,0.15,0.7,50,-3,1.5,1.8,50,2.917116771,600,1
0.15,0.15,0.7,50,-3,1.5,2,50,2.917116771,600,1
0.15,0.15,0.7,75,-3,2,1.51,45.45454545,4.278437931,600,1
0.15,0.15,0.7,25,-3,2,1.5,50,3.889489028,600,0.9599
0.15,0.15,0.7,56.25,-3,1.35,0.5,36.36363636,3.609932004,600,1
0.15,0.15,0.7,50.82,-3,1,0.62,38.75968992,2.508720423,600,1
0.6,0.2,0.2,80,-3,4,0,100,3.877182408,120,1
0.6,0.2,0.2,80,-3,4,0,100,3.877182408,240,1.001660517
0.6,0.2,0.2,80,-3,4,0,100,3.877182408,360,0.955166052
0.6,0.2,0.2,80,-3,4,0,100,3.877182408,480,0.946863469
0,0,1,30,3.86,0.5,0,10,4.89362305,60,0.285416667
0,0,1,30,2.99,0.5,0,10,4.89362305,60,0.3375
0,0,1,30,4.17,0.5,0,10,4.89362305,60,0.820833333
0,0,1,30,3.77,0.5,0,10,4.89362305,60,0.189583333
0,0,1,30,3.23,0.5,0,10,4.89362305,60,0.179166667
0,0,1,30,4.17,0.05,0,10,0.489362305,60,0.292561983
0,0,1,30,4.17,0.1,0,10,0.97872461,60,0.519559229
0,0,1,30,4.17,0.3,0,10,2.93617383,60,0.656198347
0,0,1,30,4.17,0.5,0,10,4.89362305,60,0.819283747
0,0,1,30,4.17,0.8,0,10,7.82979688,60,0.843526171
0,0,1,30,4.17,1,0,10,9.7872461,60,0.854545455
0,0,1,30,4.17,0.8,0,10,7.82979688,5,0.251685393
0,0,1,30,4.17,0.8,0,10,7.82979688,15,0.417977528
0,0,1,30,4.17,0.8,0,10,7.82979688,30,0.573033708
0,0,1,30,4.17,0.8,0,10,7.82979688,45,0.719101124
0,0,1,30,4.17,0.8,0,10,7.82979688,60,0.838202247
0,0,1,30,4.17,0.8,0,10,7.82979688,90,0.84494382
0,0,1,30,4.17,0.8,0,10,7.82979688,60,0.840298507
0,0,1,40,4.17,0.8,0,10,7.82979688,60,0.894029851
0,0,1,50,4.17,0.8,0,10,7.82979688,60,0.934328358
0,0,1,60,4.17,0.8,0,10,7.82979688,60,0.962686567
0,0,1,70,4.17,0.8,0,10,7.82979688,60,1
0,0,1,70,4.17,0.8,0,10,7.82979688,60,0.989808917
0,0,1,70,4.17,0.8,0,20,3.91489844,60,1
0,0,1,70,4.17,0.8,0,30,2.609932293,60,1
0,0,1,70,4.17,0.8,0,40,1.95744922,60,0.992356688
0,0,1,70,4.17,0.8,0,50,1.565959376,60,1
0,0,1,70,4.17,0.8,0,60,1.304966147,60,0.910828025
0,0,1,70,4.17,0.8,0,70,1.118542411,60,0.798726115
0,0,1,70,3.23,2,1.809731111,30,6.524830733,120,0.8992
0,0,1,60,3.4,2,0.723892445,30,6.524830733,120,0.8752
0,0,1,80,3.4,2,2.895569778,30,6.524830733,120,0.8667
0,0,1,60,3.23,2,1.780775414,30,6.524830733,120,0.9246
0,0,1,69,3.23,2,0.723892445,30,6.524830733,120,0.8981
0,0,1,80,3.4,2,0.723892445,30,6.524830733,120,0.8614
0,0,1,69,3.23,2,0.723892445,30,6.524830733,120,0.8707
0,0,1,67,3.4,2,1.940031751,30,6.524830733,120,0.9013
0,0,1,70,3.4,2,2.895569778,30,6.524830733,120,0.9089
0,0,1,60,3.4,2,0.723892445,30,6.524830733,120,0.8683
0,0,1,80,3.4,2,2.895569778,30,6.524830733,120,0.8637
0,0,1,78,3.4,2,1.809731111,30,6.524830733,120,0.8734
0,0,1,60,3.4,2,2.895569778,30,6.524830733,120,0.88338
0,0,1,80,3.23,2,1.491218436,30,6.524830733,120,0.8474
0,0,1,61,3.23,2,2.895569778,30,6.524830733,120,0.8402
0,0,1,70,3.4,2,0.854193085,30,6.524830733,120,0.8913
0,0,1,71,3.23,2,2.895569778,30,6.524830733,120,0.79
0,0,1,60,3.23,2,1.780775414,30,6.524830733,120,0.9245
0,0,1,80,3.23,2,1.491218436,30,6.524830733,120,0.8258
0,0,1,25,4.76,1,0,15,6.524830733,120,0.7078125
0,0,1,25,4.76,2,0,15,13.04966147,120,0.7146875
0,0,1,25,4.76,4,0,15,26.09932293,120,0.7284375
0,0,1,25,4.76,6,0,15,39.1489844,120,0.6734375
0,0,1,25,4.76,1,0,15,6.524830733,120,0.706666667
0,0,1,25,4.76,1,0,30,3.262415367,120,0.73772549
0,0,1,25,4.76,1,0,40,2.446811525,120,0.622117647
0,0,1,25,4.76,1,0,50,1.95744922,120,0.596235294
0.17312869,0.213276259,0.613595051,95,-3,0.5,0,50,0.969788844,240,0.756962025
0.17312869,0.213276259,0.613595051,95,-3,0.65,0,50,1.260725497,240,0.840506329
0.17312869,0.213276259,0.613595051,95,-3,1,0,50,1.939577687,240,0.901265823
0.17312869,0.213276259,0.613595051,95,-3,2,0,50,3.879155375,240,0.905063291
0.17312869,0.213276259,0.613595051,95,-3,3,0,50,5.818733062,240,0.937341772
0.17312869,0.213276259,0.613595051,95,-3,1,0,50,1.939577687,5,0.55256167
0.17312869,0.213276259,0.613595051,95,-3,1,0,50,1.939577687,15,0.585009488
0.17312869,0.213276259,0.613595051,95,-3,1,0,50,1.939577687,30,0.666982922
0.17312869,0.213276259,0.613595051,95,-3,1,0,50,1.939577687,60,0.728462998
0.17312869,0.213276259,0.613595051,95,-3,1,0,50,1.939577687,120,0.798481973
0.17312869,0.213276259,0.613595051,95,-3,1,0,50,1.939577687,180,0.890702087
0.17312869,0.213276259,0.613595051,95,-3,1,0,50,1.939577687,240,0.899240987
0.17312869,0.213276259,0.613595051,95,-3,1,0,50,1.939577687,300,0.906072106
0.17312869,0.213276259,0.613595051,95,-3,1,0,5,19.39577687,240,0.905555556
0.17312869,0.213276259,0.613595051,95,-3,1,0,10,9.697888437,240,0.903333333
0.17312869,0.213276259,0.613595051,95,-3,1,0,20,4.848944219,240,0.902222222
0.17312869,0.213276259,0.613595051,95,-3,1,0,30,3.232629479,240,0.9
0.17312869,0.213276259,0.613595051,95,-3,1,0,50,1.939577687,240,0.9
0.17312869,0.213276259,0.613595051,95,-3,1,0,100,0.969788844,240,0.834444444
0.8,0.1,0.1,90,-3,2,0,333.3333333,0.583686661,120,0.741359223
0.8,0.1,0.1,90,-3,2,0,200,0.972811101,120,1
0.8,0.1,0.1,90,-3,2,0,100,1.945622202,120,1
0.8,0.1,0.1,90,-3,2,0,40,4.864055505,120,1
0.8,0.1,0.1,90,-3,0.5,0,100,0.486405551,120,0.84
0.8,0.1,0.1,90,-3,0.75,0,100,0.729608326,120,1.001702128
0.8,0.1,0.1,90,-3,1,0,100,0.972811101,120,1.001702128
0.8,0.1,0.1,90,-3,2,0,100,1.945622202,120,1
0.8,0.1,0.1,25,-3,1,0,100,0.972811101,120,0.870638298
0.8,0.1,0.1,50,-3,1,0,100,0.972811101,120,0.950638298
0.8,0.1,0.1,75,-3,1,0,100,0.972811101,120,0.960851064
0.8,0.1,0.1,90,-3,1,0,100,0.972811101,120,1
0.8,0.1,0.1,50,-3,1,0,100,0.972811101,10,0.88
0.8,0.1,0.1,50,-3,1,0,100,0.972811101,35,0.839411765
0.8,0.1,0.1,50,-3,1,0,100,0.972811101,45,0.858823529
0.8,0.1,0.1,50,-3,1,0,100,0.972811101,60,0.851764706
0.8,0.1,0.1,50,-3,1,0,100,0.972811101,120,0.869411765
0.8,0.1,0.1,50,-3,1,0,100,0.972811101,180,0.830588235
0.8,0.1,0.1,50,-3,1,0,100,0.972811101,240,0.800588235
0.8,0.1,0.1,50,-3,1,0,100,0.972811101,360,0.82
0.3333,0.3333,0.3333,50,-3,2,0,100,1.929037501,1,0.233043478
0.3333,0.3333,0.3333,50,-3,2,0,100,1.929037501,5,0.655652174
0.3333,0.3333,0.3333,50,-3,2,0,100,1.929037501,10,0.752695652
0.3333,0.3333,0.3333,50,-3,2,0,100,1.929037501,15,0.75426087
0.3333,0.3333,0.3333,50,-3,2,0,100,1.929037501,30,0.724521739
0.3333,0.3333,0.3333,50,-3,2,0,100,1.929037501,45,0.722956522
0.3333,0.3333,0.3333,50,-3,2,0,50,3.858075001,1,0.683826087
0.3333,0.3333,0.3333,50,-3,2,0,50,3.858075001,5,0.780869565
0.3333,0.3333,0.3333,50,-3,2,0,50,3.858075001,10,0.804347826
0.3333,0.3333,0.3333,50,-3,2,0,50,3.858075001,15,0.821565217
0.3333,0.3333,0.3333,50,-3,2,0,50,3.858075001,30,0.838782609
0.3333,0.3333,0.3333,50,-3,2,0,50,3.858075001,45,0.82
0.3333,0.3333,0.3333,50,-3,2,0,100,1.929037501,1,0.200173913
0.6,0.2,0.2,50,-3,2,0,100,1.938591204,5,0.428695652
0.6,0.2,0.2,50,-3,2,0,100,1.938591204,10,0.641565217
0.6,0.2,0.2,50,-3,2,0,100,1.938591204,15,0.733913043
0.6,0.2,0.2,50,-3,2,0,100,1.938591204,30,0.832521739
0.6,0.2,0.2,50,-3,2,0,100,1.938591204,45,0.846608696
0.6,0.2,0.2,50,-3,2,0,50,3.877182408,1,0.137565217
0.6,0.2,0.2,50,-3,2,0,50,3.877182408,5,0.355130435
0.6,0.2,0.2,50,-3,2,0,50,3.877182408,10,0.636869565
0.6,0.2,0.2,50,-3,2,0,50,3.877182408,15,0.766782609
0.6,0.2,0.2,50,-3,2,0,50,3.877182408,30,0.877913043
0.6,0.2,0.2,50,-3,2,0,50,3.877182408,45,0.918608696
0.8,0.1,0.1,50,-3,2,0,100,1.945622202,1,0.279359431
0.8,0.1,0.1,50,-3,2,0,100,1.945622202,5,0.484341637
0.8,0.1,0.1,50,-3,2,0,100,1.945622202,10,0.790213523
0.8,0.1,0.1,50,-3,2,0,100,1.945622202,15,0.902313167
0.8,0.1,0.1,50,-3,2,0,100,1.945622202,30,0.937544484
0.8,0.1,0.1,50,-3,2,0,100,1.945622202,45,0.953558719
0.8,0.1,0.1,50,-3,2,0,50,3.891244404,1,0.204092527
0.8,0.1,0.1,50,-3,2,0,50,3.891244404,5,0.525978648
0.8,0.1,0.1,50,-3,2,0,50,3.891244404,10,0.863879004
0.8,0.1,0.1,50,-3,2,0,50,3.891244404,15,0.951957295
0.8,0.1,0.1,50,-3,2,0,50,3.891244404,30,0.979181495
0.8,0.1,0.1,50,-3,2,0,50,3.891244404,45,1
0.3333,0.3333,0.3333,50,-3,2,4.3,50,3.858075001,1,0.775830258
0.3333,0.3333,0.3333,50,-3,2,4.3,50,3.858075001,2,0.983394834
0.3333,0.3333,0.3333,50,-3,2,4.3,50,3.858075001,3,1
0.3333,0.3333,0.3333,50,-3,2,4.3,50,3.858075001,15,0.996678967
0.3333,0.3333,0.3333,50,-3,2,4.3,50,3.858075001,30,1
0.3333,0.3333,0.3333,50,-3,2,4.3,50,3.858075001,60,1
0.8,0.1,0.1,50,-3,2,5.71,50,3.891244404,1,0.2125
0.8,0.1,0.1,50,-3,2,5.71,50,3.891244404,2,0.427272727
0.8,0.1,0.1,50,-3,2,5.71,50,3.891244404,3,0.814204545
0.8,0.1,0.1,50,-3,2,5.71,50,3.891244404,15,0.998295455
0.8,0.1,0.1,50,-3,2,5.71,50,3.891244404,30,1
0.8,0.1,0.1,50,-3,2,5.71,50,3.891244404,60,0.996590909
0.3333,0.3333,0.3333,25,-3,0.25,10,20,1.205648438,120,0.504059041
0.3333,0.3333,0.3333,25,-3,0.5,10,20,2.411296876,120,0.763099631
0.3333,0.3333,0.3333,25,-3,1,10,20,4.822593752,120,0.924723247
0.3333,0.3333,0.3333,25,-3,2,10,20,9.645187504,120,0.942435424
0.3333,0.3333,0.3333,25,-3,4,10,20,19.29037501,120,0.942435424
0.3333,0.3333,0.3333,25,-3,6,10,20,28.93556251,120,0.944649446
0.3333,0.3333,0.3333,25,-3,8,10,20,38.58075001,120,0.944649446
0.3333,0.3333,0.3333,25,-3,2,0.2,20,9.645187504,120,0.891145833
0.3333,0.3333,0.3333,25,-3,2,1,20,9.645187504,120,0.919791667
0.3333,0.3333,0.3333,25,-3,2,2,20,9.645187504,120,0.935069444
0.3333,0.3333,0.3333,25,-3,2,4,20,9.645187504,120,0.946527778
0.3333,0.3333,0.3333,25,-3,2,8,20,9.645187504,120,0.952256944
0.3333,0.3333,0.3333,25,-3,2,15,20,9.645187504,120,0.956076389
0.3333,0.3333,0.3333,25,-3,2,21,20,9.645187504,120,0.957986111
0.3333,0.3333,0.3333,25,-3,2,10,333.3333333,0.57871125,120,0.399096386
0.3333,0.3333,0.3333,25,-3,2,10,200,0.96451875,120,0.701807229
0.3333,0.3333,0.3333,25,-3,2,10,100,1.929037501,120,0.934487952
0.3333,0.3333,0.3333,25,-3,2,10,66.66666667,2.893556251,120,0.936746988
0.3333,0.3333,0.3333,25,-3,2,10,50,3.858075001,120,0.948042169
0.3333,0.3333,0.3333,25,-3,2,10,33.33333333,5.787112502,120,0.948042169
0.3333,0.3333,0.3333,25,-3,2,10,20,9.645187504,120,0.948042169
0.3333,0.3333,0.3333,25,-3,2,10,33.33333333,5.787112502,5,0.757446809
0.3333,0.3333,0.3333,25,-3,2,10,33.33333333,5.787112502,10,0.761702128
0.3333,0.3333,0.3333,25,-3,2,10,33.33333333,5.787112502,15,0.804255319
0.3333,0.3333,0.3333,25,-3,2,10,33.33333333,5.787112502,30,0.882978723
0.3333,0.3333,0.3333,25,-3,2,10,33.33333333,5.787112502,60,0.908510638
0.3333,0.3333,0.3333,25,-3,2,10,33.33333333,5.787112502,90,0.944680851
0.3333,0.3333,0.3333,25,-3,2,10,33.33333333,5.787112502,120,0.94893617
0.3333,0.3333,0.3333,25,-3,2,10,33.33333333,5.787112502,90,0.947586207
0.3333,0.3333,0.3333,40,-3,2,10,33.33333333,5.787112502,90,0.987724138
0.3333,0.3333,0.3333,55,-3,2,10,33.33333333,5.787112502,90,0.997655172
0.3333,0.3333,0.3333,70,-3,2,10,33.33333333,5.787112502,90,0.997655172
0.3333,0.3333,0.3333,85,-3,2,10,33.33333333,5.787112502,90,0.997655172
0,0,1,70,4.17,0.3,0,25,1.174469532,20,0.551861702
0,0,1,70,4.17,0.5,0,25,1.95744922,20,0.91356383
0,0,1,70,4.17,0.75,0,25,2.93617383,20,0.945478723
0,0,1,70,4.17,1,0,25,3.91489844,20,0.965425532
0,0,1,70,4.17,1.25,0,25,4.89362305,20,0.981382979
0,0,1,70,4.17,1.5,0,25,5.87234766,20,0.933510638
0,0,1,70,4.17,1.25,0,15,8.156038417,20,0.991712707
0,0,1,70,4.17,1.25,0,20,6.117028813,20,0.98839779
0,0,1,70,4.17,1.25,0,25,4.89362305,20,0.981767956
0,0,1,70,4.17,1.25,0,30,4.078019208,20,0.944475138
0,0,1,70,4.17,1.25,0,40,3.058514406,20,0.915469613
0,0,1,70,4.17,1.25,0,50,2.446811525,20,0.864088398
0,0,1,90,3.23,1.25,1.45,10,12.23405763,30,0.984629981
0,0,1,90,3.23,1.25,1.45,16,7.646286016,30,0.986337761
0,0,1,90,3.23,1.25,1.45,20,6.117028813,30,0.988045541
0,0,1,90,3.23,1.25,1.45,30,4.078019208,30,0.557685009
0,0,1,90,3.23,1.25,1.45,40,3.058514406,30,0.564516129
0,0,1,90,3.23,0.3,1.45,20,1.468086915,30,0.371316306
0,0,1,90,3.23,0.5,1.45,20,2.446811525,30,0.740667976
0,0,1,90,3.23,1,1.45,20,4.89362305,30,0.842829077
0,0,1,90,3.23,1.25,1.45,20,6.117028813,30,0.987426326
0,0,1,90,3.23,1.5,1.45,20,7.340434575,30,0.831827112
0,0,1,90,3.23,1.25,0,20,6.117028813,30,0.532283465
0,0,1,90,3.23,1.25,0.725533267,20,6.117028813,30,0.785826772
0,0,1,90,3.23,1.25,1.447784889,20,6.117028813,30,0.988976378
0,0,1,90,3.23,1.25,2.166777081,20,6.117028813,30,0.990551181
0,0,1,75,-1.3,1,1.159,20,4.89362305,10,0.705521472
0,0,1,75,-1.3,1,1.159,20,4.89362305,20,0.721881391
0,0,1,75,-1.3,1,1.159,20,4.89362305,30,0.811860941
0,0,1,75,-1.3,1,1.159,20,4.89362305,60,0.841308793
0,0,1,75,-1.3,1,1.159,20,4.89362305,120,0.852760736
0,0,1,75,-1.3,1,0,20,4.89362305,10,0.667893661
0,0,1,75,-1.3,1,0,20,4.89362305,20,0.71206544
0,0,1,75,-1.3,1,0,20,4.89362305,30,0.718609407
0,0,1,75,-1.3,1,0,20,4.89362305,60,0.725153374
0,0,1,75,-1.3,1,0,20,4.89362305,120,0.734969325
0,0,1,75,-1.3,0.1,1.159,20,0.489362305,30,0.191649269
0,0,1,75,-1.3,0.25,1.159,20,1.223405763,30,0.400417537
0,0,1,75,-1.3,0.5,1.159,20,2.446811525,30,0.699373695
0,0,1,75,-1.3,1,1.159,20,4.89362305,30,0.80960334
0,0,1,75,-1.3,1,1.159,5,19.5744922,30,1
0,0,1,75,-1.3,1,1.159,10,9.7872461,30,0.956666667
0,0,1,75,-1.3,1,1.159,20,4.89362305,30,0.876666667
0,0,1,75,-1.3,1,1.159,40,2.446811525,30,0.648333333
0,0,1,25,-1.3,1,1.159,20,4.89362305,30,0.284647303
0,0,1,40,-1.3,1,1.159,20,4.89362305,30,0.586721992
0,0,1,50,-1.3,1,1.159,20,4.89362305,30,0.697925311
0,0,1,75,-1.3,1,1.159,20,4.89362305,30,0.958506224
0,0,1,90,-1.3,1,1.159,20,4.89362305,30,0.978423237
0,0,1,75,-1.3,1,0,20,4.89362305,30,0.599154334
0,0,1,75,-1.3,1,0.479221276,20,4.89362305,30,0.776744186
0,0,1,75,-1.3,1,1.159276611,20,4.89362305,30,0.878224101
0,0,1,75,-1.3,1,2.453466255,20,4.89362305,30,0.95602537
0,0,1,75,-1.3,1,4.728499163,20,4.89362305,30,0.976321353
0.3333,0.3333,0.3333,70,3.77,2,0,50,3.858075001,2,0.446203905
0.3333,0.3333,0.3333,70,3.77,2,0,50,3.858075001,4,0.537310195
0.3333,0.3333,0.3333,70,3.77,2,0,50,3.858075001,6,0.60867679
0.3333,0.3333,0.3333,70,3.77,2,0,50,3.858075001,8,0.634490239
0.3333,0.3333,0.3333,70,3.77,2,0,50,3.858075001,10,0.660303688
0.3333,0.3333,0.3333,70,3.77,2,0,50,3.858075001,15,0.680043384
0.3333,0.3333,0.3333,70,3.77,2,0,50,3.858075001,20,0.680043384
0.3333,0.3333,0.3333,70,3.77,2,0,50,3.858075001,25,0.701301518
0.3333,0.3333,0.3333,70,3.77,2,0,50,3.858075001,30,0.695227766
0.3333,0.3333,0.3333,70,3.77,2,0,50,3.858075001,45,0.711930586
0.3333,0.3333,0.3333,70,3.77,2,0,50,3.858075001,60,0.727114967
0.3333,0.3333,0.3333,70,3.77,2,0,50,3.858075001,90,0.762039046
0.3333,0.3333,0.3333,70,3.77,2,0,50,3.858075001,120,0.768112798
0.3333,0.3333,0.3333,70,3.77,2,2.88,50,3.858075001,2,0.207142857
0.3333,0.3333,0.3333,70,3.77,2,2.88,50,3.858075001,4,0.367857143
0.3333,0.3333,0.3333,70,3.77,2,2.88,50,3.858075001,6,0.514285714
0.3333,0.3333,0.3333,70,3.77,2,2.88,50,3.858075001,8,0.605357143
0.3333,0.3333,0.3333,70,3.77,2,2.88,50,3.858075001,10,0.689285714
0.3333,0.3333,0.3333,70,3.77,2,2.88,50,3.858075001,15,0.789285714
0.3333,0.3333,0.3333,70,3.77,2,2.88,50,3.858075001,20,0.842857143
0.3333,0.3333,0.3333,70,3.77,2,2.88,50,3.858075001,25,0.869642857
0.3333,0.3333,0.3333,70,3.77,2,2.88,50,3.858075001,30,0.891071429
0.3333,0.3333,0.3333,70,3.77,2,2.88,50,3.858075001,45,0.882142857
0.3333,0.3333,0.3333,70,3.77,2,2.88,50,3.858075001,60,0.898214286
0.3333,0.3333,0.3333,70,3.77,2,2.88,50,3.858075001,90,0.925
0.3333,0.3333,0.3333,70,3.77,2,2.88,50,3.858075001,120,0.939285714
0.3333,0.3333,0.3333,60,3.77,1,0,50,1.929037501,120,0.543092784
0.3333,0.3333,0.3333,60,3.77,1.5,0,50,2.893556251,120,0.671752577
0.3333,0.3333,0.3333,60,3.77,2,0,50,3.858075001,120,0.714639175
0.3333,0.3333,0.3333,60,3.77,2.5,0,50,4.822593752,120,0.73443299
0.3333,0.3333,0.3333,60,3.77,3,0,50,5.787112502,120,0.760824742
0.3333,0.3333,0.3333,60,3.77,3.5,0,50,6.751631253,120,0.774020619
0.3333,0.3333,0.3333,60,3.77,4,0,50,7.716150003,120,0.816907216
0.3333,0.3333,0.3333,60,3.77,4.5,0,50,8.680668753,120,0.797113402
0.3333,0.3333,0.3333,60,3.77,2,0,30,6.430125002,120,0.765121951
0.3333,0.3333,0.3333,60,3.77,2,0,40,4.822593752,120,0.713902439
0.3333,0.3333,0.3333,60,3.77,2,0,50,3.858075001,120,0.710487805
0.3333,0.3333,0.3333,60,3.77,2,0,60,3.215062501,120,0.686585366
0.3333,0.3333,0.3333,60,3.77,2,0,70,2.755767858,120,0.681463415
0.3333,0.3333,0.3333,60,3.77,2,0,80,2.411296876,120,0.645609756
0.3333,0.3333,0.3333,60,3.77,2,0,90,2.143375001,120,0.621707317
0.3,0.3,0.4,35,1.2,0.3,0,50,0.579611942,15,0.396
0.3,0.3,0.4,35,1.2,0.9,0,50,1.738835827,15,0.432
0.3,0.3,0.4,35,1.2,0.3,0,50,0.579611942,105,0.711
0.3,0.3,0.4,35,1.2,0.9,0,50,1.738835827,105,0.872
0.3,0.3,0.4,65,1.2,0.3,0,50,0.579611942,15,0.776
0.3,0.3,0.4,65,1.2,0.9,0,50,1.738835827,15,0.911
0.3,0.3,0.4,65,1.2,0.3,0,50,0.579611942,105,0.809
0.3,0.3,0.4,65,1.2,0.9,0,50,1.738835827,105,0.961
0.3,0.3,0.4,50,1.2,0.6,0,50,1.159223885,60,0.918
0.3,0.3,0.4,50,1.2,0.6,0,50,1.159223885,60,0.917
0.3,0.3,0.4,50,1.2,0.6,0,50,1.159223885,60,0.932
0.3,0.3,0.4,50,1.2,0.6,0,50,1.159223885,60,0.911
0.3,0.3,0.4,50,1.2,0.3,0,50,0.579611942,60,0.763
0.3,0.3,0.4,50,1.2,0.9,0,50,1.738835827,60,0.956
0.3,0.3,0.4,50,1.2,0.6,0,50,1.159223885,15,0.749
0.3,0.3,0.4,50,1.2,0.6,0,50,1.159223885,105,0.979
0.3,0.3,0.4,35,1.2,0.6,0,50,1.159223885,60,0.749
0.3,0.3,0.4,65,1.2,0.6,0,50,1.159223885,60,0.966
